lezzet	lezzet+Noun+A3sg+Pnon+Nom
otoyol	otoyol+Noun+A3sg+Pnon+Nom
pide	pide+Noun+A3sg+Pnon+Nom
kekik	kekik+Noun+A3sg+Pnon+Nom
yumruk	yumruk+Noun+A3sg+Pnon+Nom
nar	nar+Noun+A3sg+Pnon+Nom
yoğurt	yoğurt+Noun+A3sg+Pnon+Nom
köfte	köfte+Noun+A3sg+Pnon+Nom
hindi	hindi+Noun+A3sg+Pnon+Nom
mumbar	mumbar+Noun+A3sg+Pnon+Nom
çoluk	çoluk+Noun+A3sg+Pnon+Nom
yavan	yavan+Adj
mercimek	mercimek+Noun+A3sg+Pnon+Nom
pilav	pilav+Noun+A3sg+Pnon+Nom
kurufasulye	kurufasulye+Noun+A3sg+Pnon+Nom
bulgur	bulgur+Noun+A3sg+Pnon+Nom
pazı	pazı+Noun+A3sg+Pnon+Nom
kadayıf	kadayıf+Noun+A3sg+Pnon+Nom
yufka	yufka+Noun+A3sg+Pnon+Nom
bulamaç	bulamaç+Noun+A3sg+Pnon+Nom
elek	elek+Noun+A3sg+Pnon+Nom
pıt	pıt+Noun+A3sg+Pnon+Nom
istila	istila+Noun+A3sg+Pnon+Nom
anıtsal	anıtsal+Adj
sağım	sağım+Noun+A3sg+Pnon+Nom
gübre	gübre+Noun+A3sg+Pnon+Nom
amonyak	amonyak+Noun+A3sg+Pnon+Nom
yöre	yöre+Noun+A3sg+Pnon+Nom
dekar	dekar+Noun+A3sg+Pnon+Nom
homojen	homojen+Noun+A3sg+Pnon+Nom
damızlık	damızlık+Adj
soy	soy+Noun+A3sg+Pnon+Nom
istatistiki	istatistiki+Adj
olağandışı	olağandışı+Noun+A3sg+P3sg+Nom
pet	pet+Adj
arıza	arıza+Noun+A3sg+Pnon+Nom
chat	chat+Noun+A3sg+Pnon+Nom
sms	sms+Noun+A3sg+Pnon+Nom
dvd	dvd+Noun+A3sg+Pnon+Nom
cd	cd+Noun+A3sg+Pnon+Nom
gittigidiyor	gittigidiyor+Noun+A3sg+Pnon+Nom
teslimat	teslimat+Noun+A3sg+Pnon+Nom
pizza	pizza+Noun+A3sg+Pnon+Nom
kürsü	kürsü+Noun+A3sg+Pnon+Nom
inşallah	inşallah+Interj
kombinasyon	kombinasyon+Noun+A3sg+Pnon+Nom
şef	şef+Noun+A3sg+Pnon+Nom
ot	ot+Noun+A3sg+Pnon+Nom
kimyon	kimyon+Noun+A3sg+Pnon+Nom
nohut	nohut+Noun+A3sg+Pnon+Nom
köpük	köpük+Noun+A3sg+Pnon+Nom
sorbe	sorbe+Noun+A3sg+Pnon+Nom
jelatin	jelatin+Noun+A3sg+Pnon+Nom
çıtır	çıtır+Dup
püre	püre+Noun+A3sg+Pnon+Nom
gurme	gurme+Noun+A3sg+Pnon+Nom
memleket	memleket+Noun+A3sg+Pnon+Nom
işkembe	işkembe+Noun+A3sg+Pnon+Nom
patsathaki	patsathaki+Noun+A3sg+Pnon+Nom
tarçın	tarçın+Noun+A3sg+Pnon+Nom
aroma	aroma+Noun+A3sg+Pnon+Nom
tahin	tahin+Noun+A3sg+Pnon+Nom
zargana	zargana+Noun+A3sg+Pnon+Nom
örgü	örgü+Noun+A3sg+Pnon+Nom
fava	fava+Noun+A3sg+Pnon+Nom
füme	füme+Noun+A3sg+Pnon+Nom
çeşni	çeşni+Noun+A3sg+Pnon+Nom
arapsaçı	arapsaçı+Noun+A3sg+P3sg+Nom
baharat	baharat+Noun+A3sg+Pnon+Nom
sardalye	sardalye+Noun+A3sg+Pnon+Nom
kelepir	kelepir+Noun+A3sg+Pnon+Nom
tezahür	tezahür+Noun+A3sg+Pnon+Nom
bezelye	bezelye+Noun+A3sg+Pnon+Nom
snow	snow+Noun+A3sg+Pnon+Nom
peas	peas+Noun+A3sg+Pnon+Nom
tout	tout+Noun+A3sg+Pnon+Nom
manj	manj+Noun+A3sg+Pnon+Nom
mange	mange+Noun+A3sg+Pnon+Nom
sote	sote+Noun+A3sg+Pnon+Nom
somon	somon+Noun+A3sg+Pnon+Nom
mayonez	mayonez+Noun+A3sg+Pnon+Nom
sultani	sultani+Noun+A3sg+Pnon+Nom
tarhun	tarhun+Noun+A3sg+Pnon+Nom
saksı	saksı+Noun+A3sg+Pnon+Nom
baykuş	baykuş+Noun+A3sg+Pnon+Nom
ziraat	ziraat+Noun+A3sg+Pnon+Nom
kil	kil+Noun+A3sg+Pnon+Nom
kılcal	kılcal+Adj
parke	parke+Noun+A3sg+Pnon+Nom
cm	cm+Noun+A3sg+Pnon+Nom
bordo	bordo+Adj
nouveau	nouveau+Noun+A3sg+Pnon+Nom
primeur	primeur+Noun+A3sg+Pnon+Nom
nuevo	nuevo+Noun+A3sg+Pnon+Nom
novello	novello+Noun+A3sg+Pnon+Nom
giovane	giovane+Noun+A3sg+Pnon+Nom
novo	novo+Noun+A3sg+Pnon+Nom
tüket	tüket+Verb+Pos+Imp+A2sg
milat	milat+Noun+A3sg+Pnon+Nom
vitrin	vitrin+Noun+A3sg+Pnon+Nom
cumhuriyet	cumhuriyet+Noun+A3sg+Pnon+Nom
ölümlü	ölümlü+Noun+A3sg+Pnon+Nom
bilumum	bilumum+Adj
meyal	meyal+Dup
salak	salak+Adj
ukala	ukala+Adj
hır	hır+Noun+A3sg+Pnon+Nom
etobur	etobur+Noun+A3sg+Pnon+Nom
mama	mama+Noun+A3sg+Pnon+Nom
akrilik	akrilik+Noun+A3sg+Pnon+Nom
fırıl	fırıl+Dup
rulet	rulet+Noun+A3sg+Pnon+Nom
talih	talih+Noun+A3sg+Pnon+Nom
paralık	paralık+Adj
mars	mars+Noun+A3sg+Pnon+Nom
şeş	şeş+Noun+A3sg+Pnon+Nom
düt	düt+Noun+A3sg+Pnon+Nom
kumar	kumar+Noun+A3sg+Pnon+Nom
velet	velet+Noun+A3sg+Pnon+Nom
kalas	kalas+Noun+A3sg+Pnon+Nom
piç	piç+Noun+A3sg+Pnon+Nom
manyak	manyak+Adj
steril	steril+Adj
hamsi	hamsi+Noun+A3sg+Pnon+Nom
kumpir	kumpir+Noun+A3sg+Pnon+Nom
hamburger	hamburger+Noun+A3sg+Pnon+Nom
irmik	irmik+Noun+A3sg+Pnon+Nom
ailece	ailece+Adverb
çocuksever	çocuksever+Noun+A3sg+Pnon+Nom
mönü	mönü+Noun+A3sg+Pnon+Nom
fobik	fobik+Adj
ördek	ördek+Noun+A3sg+Pnon+Nom
kıtır	kıtır+Dup
soul	soul+Noun+A3sg+Pnon+Nom
beef	beef+Noun+A3sg+Pnon+Nom
karides	karides+Noun+A3sg+Pnon+Nom
roka	roka+Noun+A3sg+Pnon+Nom
bonfile	bonfile+Noun+A3sg+Pnon+Nom
brokoli	brokoli+Noun+A3sg+Pnon+Nom
milföy	milföy+Noun+A3sg+Pnon+Nom
tart	tart+Noun+A3sg+Pnon+Nom
profiterol	profiterol+Noun+A3sg+Pnon+Nom
fagot	fagot+Noun+A3sg+Pnon+Nom
obua	obua+Noun+A3sg+Pnon+Nom
saksofon	saksofon+Noun+A3sg+Pnon+Nom
intikal	intikal+Noun+A3sg+Pnon+Nom
tekel	tekel+Noun+A3sg+Pnon+Nom
nda	nda+Noun+A3sg+Pnon+Nom
panayır	panayır+Noun+A3sg+Pnon+Nom
güveç	güveç+Noun+A3sg+Pnon+Nom
höşmerim	höşmerim+Noun+A3sg+Pnon+Nom
s	s+Noun+A3sg+Pnon+Nom
jet	jet+Noun+A3sg+Pnon+Nom
casino	casino+Noun+A3sg+Pnon+Nom
kumarhane	kumarhane+Noun+A3sg+Pnon+Nom
pasaport	pasaport+Noun+A3sg+Pnon+Nom
ihya	ihya+Noun+A3sg+Pnon+Nom
dinlence	dinlence+Noun+A3sg+Pnon+Nom
söylerek	söylerek+Noun+A3sg+Pnon+Nom
tüzük	tüzük+Noun+A3sg+Pnon+Nom
yelken	yelken+Noun+A3sg+Pnon+Nom
orsa	orsa+Noun+A3sg+Pnon+Nom
diskur	diskur+Noun+A3sg+Pnon+Nom
marina	marina+Noun+A3sg+Pnon+Nom
aborda	aborda+Noun+A3sg+Pnon+Nom
mihenk	mihenk+Noun+A3sg+Pnon+Nom
sergi	sergi+Noun+A3sg+Pnon+Nom
gavur	gavur+Noun+A3sg+Pnon+Nom
ilçe	ilçe+Noun+A3sg+Pnon+Nom
baro	baro+Noun+A3sg+Pnon+Nom
nci	nci+Noun+A3sg+Pnon+Nom
kaleci	kaleci+Noun+A3sg+Pnon+Nom
p	p+Noun+A3sg+Pnon+Nom
stat	stat+Noun+A3sg+Pnon+Nom
verim	verim+Noun+A3sg+Pnon+Nom
topyekün	topyekün+Adj
tüyo	tüyo+Noun+A3sg+Pnon+Nom
falso	falso+Noun+A3sg+Pnon+Nom
sarmaş	sarmaş+Verb+Pos+Imp+A2sg
dolaş	dolaş+Verb+Pos+Imp+A2sg
nankör	nankör+Adj
fair	fair+Noun+A3sg+Pnon+Nom
tezahürat	tezahürat+Noun+A3sg+Pnon+Nom
istirham	istirham+Noun+A3sg+Pnon+Nom
kafile	kafile+Noun+A3sg+Pnon+Nom
diyetisyen	diyetisyen+Noun+A3sg+Pnon+Nom
masör	masör+Noun+A3sg+Pnon+Nom
sıkıtlayamaz	sıkıtlayamaz+Noun+A3sg+Pnon+Nom
şoke	şoke+Adj
baki	baki+Adj
ibre	ibre+Noun+A3sg+Pnon+Nom
meşin	meşin+Adj
anlatı	anlatı+Noun+A3sg+Pnon+Nom
sübjektif	sübjektif+Adj
otobiyografi	otobiyografi+Noun+A3sg+Pnon+Nom
samimiyet	samimiyet+Noun+A3sg+Pnon+Nom
deve	deve+Noun+A3sg+Pnon+Nom
külliyen	külliyen+Adverb
maraton	maraton+Noun+A3sg+Pnon+Nom
zıpkın	zıpkın+Noun+A3sg+Pnon+Nom
ndaki	ndaki+Noun+A3sg+Pnon+Nom
başağrısı	başağrısı+Noun+A3sg+P3sg+Nom
çiğdem	çiğdem+Noun+A3sg+Pnon+Nom
maaile	maaile+Adverb
birörnek	birörnek+Adj
münhasır	münhasır+Adj
karaborsa	karaborsa+Noun+A3sg+Pnon+Nom
deplasman	deplasman+Noun+A3sg+Pnon+Nom
aidiyet	aidiyet+Noun+A3sg+Pnon+Nom
başabaş	başabaş+Adj
kapıkulu	kapıkulu+Noun+A3sg+P3sg+Nom
klişe	klişe+Noun+A3sg+Pnon+Nom
deva	deva+Noun+A3sg+Pnon+Nom
poz	poz+Noun+A3sg+Pnon+Nom
dezavantaj	dezavantaj+Noun+A3sg+Pnon+Nom
külup	külup+Noun+A3sg+Pnon+Nom
nı	nı+Noun+A3sg+Pnon+Nom
etüt	etüt+Noun+A3sg+Pnon+Nom
sahan	sahan+Noun+A3sg+Pnon+Nom
buyruk	buyruk+Noun+A3sg+Pnon+Nom
emniyet	emniyet+Noun+A3sg+Pnon+Nom
demeç	demeç+Noun+A3sg+Pnon+Nom
oynat	oynat+Verb+Pos+Imp+A2sg
dinamit	dinamit+Noun+A3sg+Pnon+Nom
tiraj	tiraj+Noun+A3sg+Pnon+Nom
rating	rating+Noun+A3sg+Pnon+Nom
palamut	palamut+Noun+A3sg+Pnon+Nom
mızrak	mızrak+Noun+A3sg+Pnon+Nom
kevgir	kevgir+Noun+A3sg+Pnon+Nom
mecburi	mecburi+Adj
umumi	umumi+Adj
turnuva	turnuva+Noun+A3sg+Pnon+Nom
dripling	dripling+Noun+A3sg+Pnon+Nom
gir	gir+Verb+Pos+Imp+A2sg
itimat	itimat+Noun+A3sg+Pnon+Nom
değir	değir+Verb+Pos+Imp+A2sg
güreşçi	güreşçi+Noun+A3sg+Pnon+Nom
nakavt	nakavt+Noun+A3sg+Pnon+Nom
boyunduruk	boyunduruk+Noun+A3sg+Pnon+Nom
şah	şah+Noun+A3sg+Pnon+Nom
enteresan	enteresan+Adj
fizikçi	fizikçi+Noun+A3sg+Pnon+Nom
reaksiyon	reaksiyon+Noun+A3sg+Pnon+Nom
spontane	spontane+Adj
şamata	şamata+Noun+A3sg+Pnon+Nom
cebir	cebir+Noun+A3sg+Pnon+Nom
klik	klik+Noun+A3sg+Pnon+Nom
gastronomi	gastronomi+Noun+A3sg+Pnon+Nom
ekşi	ekşi+Adj
glutamat	glutamat+Noun+A3sg+Pnon+Nom
ketçap	ketçap+Noun+A3sg+Pnon+Nom
mono	mono+Noun+A3sg+Pnon+Nom
sodyum	sodyum+Noun+A3sg+Pnon+Nom
sıvıyağ	sıvıyağ+Noun+A3sg+Pnon+Nom
sokarıçı	sokarıçı+Noun+A3sg+Pnon+Nom
bitkisel	bitkisel+Adj
margarin	margarin+Noun+A3sg+Pnon+Nom
vişne	vişne+Noun+A3sg+Pnon+Nom
fırın	fırın+Noun+A3sg+Pnon+Nom
hatır	hatır+Noun+A3sg+Pnon+Nom
dede	dede+Noun+A3sg+Pnon+Nom
gen	gen+Noun+A3sg+Pnon+Nom
duayen	duayen+Noun+A3sg+Pnon+Nom
biyo	biyo+Noun+A3sg+Pnon+Nom
molekül	molekül+Noun+A3sg+Pnon+Nom
trifosfat	trifosfat+Noun+A3sg+Pnon+Nom
lüsiferaz	lüsiferaz+Noun+A3sg+Pnon+Nom
böcek	böcek+Noun+A3sg+Pnon+Nom
trakeol	trakeol+Noun+A3sg+Pnon+Nom
görece	görece+Adj
nitrik	nitrik+Adj
mitokondriya	mitokondriya+Noun+A3sg+Pnon+Nom
oksit	oksit+Noun+A3sg+Pnon+Nom
nikrik	nikrik+Noun+A3sg+Pnon+Nom
müstesna	müstesna+Adj
cilt	cilt+Noun+A3sg+Pnon+Nom
şımarık	şımarık+Adj
vazgeç	vazgeç+Verb+Pos+Imp+A2sg
deha	deha+Noun+A3sg+Pnon+Nom
biyoloji	biyoloji+Noun+A3sg+Pnon+Nom
vinç	vinç+Noun+A3sg+Pnon+Nom
robot	robot+Noun+A3sg+Pnon+Nom
misyon	misyon+Noun+A3sg+Pnon+Nom
karikatür	karikatür+Noun+A3sg+Pnon+Nom
ayin	ayin+Noun+A3sg+Pnon+Nom
davacı	davacı+Noun+A3sg+Pnon+Nom
inanca	inanca+Noun+A3sg+Pnon+Nom
ibadethane	ibadethane+Noun+A3sg+Pnon+Nom
cemevi	cemevi+Noun+A3sg+P3sg+Nom
arabesk	arabesk+Noun+A3sg+Pnon+Nom
ilahiyat	ilahiyat+Noun+A3sg+Pnon+Nom
temsilen	temsilen+Adverb
onuncu	onuncu+Num+Ord
yıldönümü	yıldönümü+Noun+A3sg+P3sg+Nom
lik	lik+Noun+A3sg+Pnon+Nom
yakıt	yakıt+Noun+A3sg+Pnon+Nom
kısıntı	kısıntı+Noun+A3sg+Pnon+Nom
kiracı	kiracı+Noun+A3sg+Pnon+Nom
işletmeci	işletmeci+Noun+A3sg+Pnon+Nom
nü	nü+Noun+A3sg+Pnon+Nom
hayvanat	hayvanat+Noun+A3sg+Pnon+Nom
ezan	ezan+Noun+A3sg+Pnon+Nom
keramet	keramet+Noun+A3sg+Pnon+Nom
ekber	ekber+Adj
skorer	skorer+Adj
delege	delege+Noun+A3sg+Pnon+Nom
torpil	torpil+Noun+A3sg+Pnon+Nom
avanta	avanta+Noun+A3sg+Pnon+Nom
vah	vah+Noun+A3sg+Pnon+Nom
seminer	seminer+Noun+A3sg+Pnon+Nom
liberalizm	liberalizm+Noun+A3sg+Pnon+Nom
çember	çember+Noun+A3sg+Pnon+Nom
maraj	maraj+Noun+A3sg+Pnon+Nom
teşkilat	teşkilat+Noun+A3sg+Pnon+Nom
akil	akil+Adj
kıskanç	kıskanç+Noun+A3sg+Pnon+Nom
diplomasi	diplomasi+Noun+A3sg+Pnon+Nom
vekalet	vekalet+Noun+A3sg+Pnon+Nom
duyum	duyum+Noun+A3sg+Pnon+Nom
divan	divan+Noun+A3sg+Pnon+Nom
yıp	yıp+Noun+A3sg+Pnon+Nom
poli	poli+Noun+A3sg+Pnon+Nom
soh	soh+Noun+A3sg+Pnon+Nom
heba	heba+Noun+A3sg+Pnon+Nom
külyutmaz	külyutmaz+Noun+A3sg+Pnon+Nom
yetkin	yetkin+Adj
hemfikir	hemfikir+Adj
oğul	oğul+Noun+A3sg+Pnon+Nom
şapşal	şapşal+Adj
yobaz	yobaz+Noun+A3sg+Pnon+Nom
lades	lades+Noun+A3sg+Pnon+Nom
çal	çal+Noun+A3sg+Pnon+Nom
kask	kask+Noun+A3sg+Pnon+Nom
uygar	uygar+Adj
savaşım	savaşım+Noun+A3sg+Pnon+Nom
semt	semt+Noun+A3sg+Pnon+Nom
ittifak	ittifak+Noun+A3sg+Pnon+Nom
hür	hür+Adj
sembolik	sembolik+Adj
sempati	sempati+Noun+A3sg+Pnon+Nom
denizaltı	denizaltı+Noun+A3sg+Pnon+Nom
antisemitizm	antisemitizm+Noun+A3sg+Pnon+Nom
kapanık	kapanık+Adj
jeopolitik	jeopolitik+Noun+A3sg+Pnon+Nom
fırtına	fırtına+Noun+A3sg+Pnon+Nom
emare	emare+Noun+A3sg+Pnon+Nom
hatip	hatip+Noun+A3sg+Pnon+Nom
asılsız	asılsız+Adj
ferman	ferman+Noun+A3sg+Pnon+Nom
zinhar	zinhar+Interj
memaliki	memaliki+Noun+A3sg+Pnon+Nom
sulak	sulak+Noun+A3sg+Pnon+Nom
popülizm	popülizm+Noun+A3sg+Pnon+Nom
ahkam	ahkam+Noun+A3pl+Pnon+Nom
düzlem	düzlem+Noun+A3sg+Pnon+Nom
deklarasyon	deklarasyon+Noun+A3sg+Pnon+Nom
barışçıl	barışçıl+Adj
bayat	bayat+Adj
beleş	beleş+Adj
telekom	telekom+Noun+A3sg+Pnon+Nom
çetin	çetin+Adj
hayatiyet	hayatiyet+Noun+A3sg+Pnon+Nom
ekim	ekim+Noun+A3sg+Pnon+Nom
ekspertiz	ekspertiz+Noun+A3sg+Pnon+Nom
itirafçı	itirafçı+Noun+A3sg+Pnon+Nom
takibat	takibat+Noun+A3sg+Pnon+Nom
dilekçe	dilekçe+Noun+A3sg+Pnon+Nom
tasnii	tasnii+Noun+A3sg+Pnon+Nom
analiz	analiz+Noun+A3sg+Pnon+Nom
bilgin	bilgin+Noun+A3sg+Pnon+Nom
mortgage	mortgage+Noun+A3sg+Pnon+Nom
iltifat	iltifat+Noun+A3sg+Pnon+Nom
teveccüh	teveccüh+Noun+A3sg+Pnon+Nom
adli	adli+Adj
tümgeneral	tümgeneral+Noun+A3sg+Pnon+Nom
kızan	kızan+Noun+A3sg+Pnon+Nom
provokatör	provokatör+Noun+A3sg+Pnon+Nom
töhmet	töhmet+Noun+A3sg+Pnon+Nom
tolerans	tolerans+Adj
kuşku	kuşku+Noun+A3sg+Pnon+Nom
billahi	billahi+Adverb
fezleke	fezleke+Noun+A3sg+Pnon+Nom
ücra	ücra+Adj
numune	numune+Noun+A3sg+Pnon+Nom
tahlil	tahlil+Noun+A3sg+Pnon+Nom
tıbbi	tıbbi+Adj
dolandırıcılık	dolandırıcılık+Noun+A3sg+Pnon+Nom
tefeci	tefeci+Noun+A3sg+Pnon+Nom
eşgüdüm	eşgüdüm+Noun+A3sg+Pnon+Nom
mükerrer	mükerrer+Adj
tadil	tadil+Noun+A3sg+Pnon+Nom
mükellefiyet	mükellefiyet+Noun+A3sg+Pnon+Nom
büyükşehir	büyükşehir+Noun+A3sg+Pnon+Nom
fesh	fesh+Noun+A3sg+Pnon+Nom
cebren	cebren+Adverb
idame	idame+Noun+A3sg+Pnon+Nom
ehil	ehil+Noun+A3sg+Pnon+Nom
mülkiyet	mülkiyet+Noun+A3sg+Pnon+Nom
hukuken	hukuken+Adverb
ruhsat	ruhsat+Noun+A3sg+Pnon+Nom
şebeke	şebeke+Noun+A3sg+Pnon+Nom
angajman	angajman+Noun+A3sg+Pnon+Nom
süngü	süngü+Noun+A3sg+Pnon+Nom
komutan	komutan+Noun+A3sg+Pnon+Nom
vesaire	vesaire+Noun+A3sg+Pnon+Nom
şeriatçı	şeriatçı+Noun+A3sg+Pnon+Nom
entel	entel+Adj
gözdağı	gözdağı+Noun+A3sg+P3sg+Nom
zikir	zikir+Noun+A3sg+Pnon+Nom
tarikat	tarikat+Noun+A3sg+Pnon+Nom
suiistimal	suiistimal+Noun+A3sg+Pnon+Nom
cumhuriyetçi	cumhuriyetçi+Noun+A3sg+Pnon+Nom
istidat	istidat+Noun+A3sg+Pnon+Nom
şiar	şiar+Noun+A3sg+Pnon+Nom
ilim	ilim+Noun+A3sg+Pnon+Nom
kova	kova+Noun+A3sg+Pnon+Nom
dönemsel	dönemsel+Adj
icraat	icraat+Noun+A3sg+Pnon+Nom
liyakat	liyakat+Noun+A3sg+Pnon+Nom
olgu	olgu+Noun+A3sg+Pnon+Nom
sağduyu	sağduyu+Noun+A3sg+Pnon+Nom
örtbas	örtbas+Noun+A3sg+Pnon+Nom
kaçılınmaz	kaçılınmaz+Noun+A3sg+Pnon+Nom
vefa	vefa+Noun+A3sg+Pnon+Nom
onursal	onursal+Adj
prosedür	prosedür+Noun+A3sg+Pnon+Nom
oooh	oooh+Noun+A3sg+Pnon+Nom
überseksüel	überseksüel+Noun+A3sg+Pnon+Nom
ying	ying+Noun+A3sg+Pnon+Nom
yang	yang+Noun+A3sg+Pnon+Nom
sari	sari+Adj
nadide	nadide+Adj
davran	davran+Verb+Pos+Imp+A2sg
sadakat	sadakat+Noun+A3sg+Pnon+Nom
veryansın	veryansın+Noun+A3sg+Pnon+Nom
havayolu	havayolu+Noun+A3sg+P3sg+Nom
gastroporn	gastroporn+Noun+A3sg+Pnon+Nom
sunum	sunum+Noun+A3sg+Pnon+Nom
outdoor	outdoor+Noun+A3sg+Pnon+Nom
yoga	yoga+Noun+A3sg+Pnon+Nom
temenni	temenni+Noun+A3sg+Pnon+Nom
psişik	psişik+Adj
tai	tai+Noun+A3sg+Pnon+Nom
chi	chi+Noun+A3sg+Pnon+Nom
master	master+Noun+A3sg+Pnon+Nom
naçizane	naçizane+Adj
zat	zat+Noun+A3sg+Pnon+Nom
ruhi	ruhi+Adj
bıldırcın	bıldırcın+Noun+A3sg+Pnon+Nom
illüzyonist	illüzyonist+Noun+A3sg+Pnon+Nom
illüzyon	illüzyon+Noun+A3sg+Pnon+Nom
tanrı	tanrı+Noun+A3sg+Pnon+Nom
çim	çim+Noun+A3sg+Pnon+Nom
adliye	adliye+Noun+A3sg+Pnon+Nom
öğün	öğün+Noun+A3sg+Pnon+Nom
obezite	obezite+Noun+A3sg+Pnon+Nom
tutkal	tutkal+Noun+A3sg+Pnon+Nom
klozet	klozet+Noun+A3sg+Pnon+Nom
facia	facia+Noun+A3sg+Pnon+Nom
cerrahi	cerrahi+Noun+A3sg+Pnon+Nom
üryan	üryan+Adj
takke	takke+Noun+A3sg+Pnon+Nom
külah	külah+Noun+A3sg+Pnon+Nom
payda	payda+Noun+A3sg+Pnon+Nom
karikatürize	karikatürize+Adj
doz	doz+Noun+A3sg+Pnon+Nom
anjioplasti	anjioplasti+Noun+A3sg+Pnon+Nom
damar	damar+Noun+A3sg+Pnon+Nom
böbrek	böbrek+Noun+A3sg+Pnon+Nom
ailesel	ailesel+Adj
ginkgo	ginkgo+Noun+A3sg+Pnon+Nom
garlic	garlic+Noun+A3sg+Pnon+Nom
kolesterol	kolesterol+Noun+A3sg+Pnon+Nom
trigliserid	trigliserid+Noun+A3sg+Pnon+Nom
depresyon	depresyon+Noun+A3sg+Pnon+Nom
virüs	virüs+Noun+A3sg+Pnon+Nom
polemik	polemik+Noun+A3sg+Pnon+Nom
ödem	ödem+Noun+A3sg+Pnon+Nom
nakil	nakil+Noun+A3sg+Pnon+Nom
ihtisas	ihtisas+Noun+A3sg+Pnon+Nom
tutulabir	tutulabir+Noun+A3sg+Pnon+Nom
liderlik	liderlik+Noun+A3sg+Pnon+Nom
regl	regl+Noun+A3sg+Pnon+Nom
muayyen	muayyen+Adj
modüler	modüler+Adj
milletvekilliği	milletvekilliği+Noun+A3sg+P3sg+Nom
evrim	evrim+Noun+A3sg+Pnon+Nom
kaburga	kaburga+Noun+A3sg+Pnon+Nom
damat	damat+Noun+A3sg+Pnon+Nom
kameraman	kameraman+Noun+A3sg+Pnon+Nom
feminist	feminist+Noun+A3sg+Pnon+Nom
kayıtdışı	kayıtdışı+Adj
atıf	atıf+Noun+A3sg+Pnon+Nom
ambargo	ambargo+Noun+A3sg+Pnon+Nom
bumerang	bumerang+Noun+A3sg+Pnon+Nom
onbeş	onbeş+Num+Card
fantezi	fantezi+Noun+A3sg+Pnon+Nom
yle	yle+Noun+A3sg+Pnon+Nom
musalla	musalla+Noun+A3sg+Pnon+Nom
naaş	naaş+Noun+A3sg+Pnon+Nom
taziye	taziye+Noun+A3sg+Pnon+Nom
ınki	ınki+Noun+A3sg+Pnon+Nom
bravo	bravo+Interj
ibret	ibret+Noun+A3sg+Pnon+Nom
çoook	çoook+Noun+A3sg+Pnon+Nom
fotoğrafçı	fotoğrafçı+Noun+A3sg+Pnon+Nom
miskin	miskin+Adj
bank	bank+Noun+A3sg+Pnon+Nom
bedave	bedave+Noun+A3sg+Pnon+Nom
ihtiva	ihtiva+Noun+A3sg+Pnon+Nom
müşerref	müşerref+Adj
ayarperver	ayarperver+Noun+A3sg+Pnon+Nom
manita	manita+Noun+A3sg+Pnon+Nom
dansçı	dansçı+Noun+A3sg+Pnon+Nom
bakkal	bakkal+Noun+A3sg+Pnon+Nom
koleksiyoner	koleksiyoner+Noun+A3sg+Pnon+Nom
minimalizm	minimalizm+Noun+A3sg+Pnon+Nom
yıllard	yıllard+Noun+A3sg+Pnon+Nom
hazine	hazine+Noun+A3sg+Pnon+Nom
özveri	özveri+Noun+A3sg+Pnon+Nom
blogger	blogger+Noun+A3sg+Pnon+Nom
kalori	kalori+Noun+A3sg+Pnon+Nom
blog	blog+Noun+A3sg+Pnon+Nom
bilezik	bilezik+Noun+A3sg+Pnon+Nom
tamamıyle	tamamıyle+Noun+A3sg+Pnon+Nom
küsür	küsür+Noun+A3sg+Pnon+Nom
özgüven	özgüven+Noun+A3sg+Pnon+Nom
bütünleşik	bütünleşik+Adj
çüşşş	çüşşş+Noun+A3sg+Pnon+Nom
aşure	aşure+Noun+A3sg+Pnon+Nom
poğaça	poğaça+Noun+A3sg+Pnon+Nom
krep	krep+Noun+A3sg+Pnon+Nom
tost	tost+Noun+A3sg+Pnon+Nom
çikolata	çikolata+Noun+A3sg+Pnon+Nom
abur	abur+Noun+A3sg+Pnon+Nom
cubur	cubur+Dup
diet	diet+Noun+A3sg+Pnon+Nom
caaart	caaart+Noun+A3sg+Pnon+Nom
lay	lay+Noun+A3sg+Pnon+Nom
leblebi	leblebi+Noun+A3sg+Pnon+Nom
cipsdir	cipsdir+Noun+A3sg+Pnon+Nom
mutsuzummm	mutsuzummm+Noun+A3sg+Pnon+Nom
densiz	densiz+Adj
itibari	itibari+Noun+A3sg+Pnon+Nom
kısır	kısır+Adj
hemencecik	hemencecik+Adverb
lightening	lightening+Noun+A3sg+Pnon+Nom
kurabiye	kurabiye+Noun+A3sg+Pnon+Nom
küsürat	küsürat+Noun+A3sg+Pnon+Nom
trajik	trajik+Adj
hermafrodit	hermafrodit+Noun+A3sg+Pnon+Nom
erkeklik	erkeklik+Noun+A3sg+Pnon+Nom
annemler	annemler+Noun+A3pl+P1sg+Nom
sükut	sükut+Noun+A3sg+Pnon+Nom
madem	madem+Noun+A3sg+Pnon+Nom
fıtık	fıtık+Noun+A3sg+Pnon+Nom
karne	karne+Noun+A3sg+Pnon+Nom
ergen	ergen+Adj
ebeveyn	ebeveyn+Noun+A3sg+Pnon+Nom
parazit	parazit+Noun+A3sg+Pnon+Nom
tekir	tekir+Noun+A3sg+Pnon+Nom
sarman	sarman+Noun+A3sg+Pnon+Nom
şema	şema+Noun+A3sg+Pnon+Nom
psikoloji	psikoloji+Noun+A3sg+Pnon+Nom
bencil	bencil+Adj
tutarsız	tutarsız+Adj
şaşaa	şaşaa+Noun+A3sg+Pnon+Nom
şan	şan+Noun+A3sg+Pnon+Nom
mahal	mahal+Noun+A3sg+Pnon+Nom
bırakmamamak	bırakmamamak+Noun+A3sg+Pnon+Nom
sabahçı	sabahçı+Noun+A3sg+Pnon+Nom
öğlenci	öğlenci+Noun+A3sg+Pnon+Nom
mahrumiyet	mahrumiyet+Noun+A3sg+Pnon+Nom
velayet	velayet+Noun+A3sg+Pnon+Nom
farkındalık	farkındalık+Noun+A3sg+Pnon+Nom
unut	unut+Verb+Pos+Imp+A2sg
minnacık	minnacık+Adj
asorti	asorti+Noun+A3sg+Pnon+Nom
uzay	uzay+Noun+A3sg+Pnon+Nom
papağan	papağan+Noun+A3sg+Pnon+Nom
koro	koro+Noun+A3sg+Pnon+Nom
yapışık	yapışık+Adj
mokul	mokul+Noun+A3sg+Pnon+Nom
travmatik	travmatik+Noun+A3sg+Pnon+Nom
sapa	sapa+Adj
yönetmelik	yönetmelik+Noun+A3sg+Pnon+Nom
otogar	otogar+Noun+A3sg+Pnon+Nom
töre	töre+Noun+A3sg+Pnon+Nom
namus	namus+Noun+A3sg+Pnon+Nom
alarm	alarm+Noun+A3sg+Pnon+Nom
bekaret	bekaret+Noun+A3sg+Pnon+Nom
akademi	akademi+Noun+A3sg+Pnon+Nom
fika	fika+Noun+A3sg+Pnon+Nom
maceraperest	maceraperest+Adj
yamalak	yamalak+Dup
mesken	mesken+Noun+A3sg+Pnon+Nom
sport	sport+Noun+A3sg+Pnon+Nom
climbing	climbing+Noun+A3sg+Pnon+Nom
gişe	gişe+Noun+A3sg+Pnon+Nom
dip	dip+Noun+A3sg+Pnon+Nom
öncei	öncei+Noun+A3sg+Pnon+Nom
konsolide	konsolide+Adj
viraj	viraj+Noun+A3sg+Pnon+Nom
nispi	nispi+Adj
açıkla	açıkla+Verb+Pos+Imp+A2sg
kura	kura+Noun+A3sg+Pnon+Nom
tampon	tampon+Noun+A3sg+Pnon+Nom
kozmetik	kozmetik+Noun+A3sg+Pnon+Nom
kucak	kucak+Noun+A3sg+Pnon+Nom
gardırop	gardırop+Noun+A3sg+Pnon+Nom
safsata	safsata+Noun+A3sg+Pnon+Nom
olduuuu	olduuuu+Noun+A3sg+Pnon+Nom
beis	beis+Noun+A3sg+Pnon+Nom
iktisatçı	iktisatçı+Noun+A3sg+Pnon+Nom
ampirik	ampirik+Adj
simetrik	simetrik+Adj
dengele	dengele+Verb+Pos+Imp+A2sg
fahiş	fahiş+Adj
yarat	yarat+Verb+Pos+Imp+A2sg
ons	ons+Noun+A3sg+Pnon+Nom
getiri	getiri+Noun+A3sg+Pnon+Nom
alüminyum	alüminyum+Noun+A3sg+Pnon+Nom
emtia	emtia+Noun+A3pl+Pnon+Nom
ölçün	ölçün+Noun+A3sg+Pnon+Nom
yardımsever	yardımsever+Adj
opsiyon	opsiyon+Noun+A3sg+Pnon+Nom
tahsilat	tahsilat+Noun+A3sg+Pnon+Nom
check	check+Noun+A3sg+Pnon+Nom
class	class+Noun+A3sg+Pnon+Nom
business	business+Noun+A3sg+Pnon+Nom
first	first+Noun+A3sg+Pnon+Nom
iklim	iklim+Noun+A3sg+Pnon+Nom
ibraz	ibraz+Noun+A3sg+Pnon+Nom
out	out+Noun+A3sg+Pnon+Nom
resepsiyon	resepsiyon+Noun+A3sg+Pnon+Nom
guatr	guatr+Noun+A3sg+Pnon+Nom
up	up+Noun+A3sg+Pnon+Nom
tazmin	tazmin+Noun+A3sg+Pnon+Nom
müraacat	müraacat+Noun+A3sg+Pnon+Nom
makroekonomik	makroekonomik+Adj
ray	ray+Noun+A3sg+Pnon+Nom
fert	fert+Noun+A3sg+Pnon+Nom
aşiret	aşiret+Noun+A3sg+Pnon+Nom
provoke	provoke+Noun+A3sg+Pnon+Nom
tekzip	tekzip+Noun+A3sg+Pnon+Nom
hasıl	hasıl+Noun+A3sg+Pnon+Nom
folklor	folklor+Noun+A3sg+Pnon+Nom
bilge	bilge+Noun+A3sg+Pnon+Nom
broşür	broşür+Noun+A3sg+Pnon+Nom
saygıdeğer	saygıdeğer+Adj
işbu	işbu+Noun+A3sg+Pnon+Nom
bilvekale	bilvekale+Noun+A3sg+Pnon+Nom
ayırım	ayırım+Noun+A3sg+Pnon+Nom
kımıl	kımıl+Noun+A3sg+Pnon+Nom
davetkar	davetkar+Adj
general	general+Noun+A3sg+Pnon+Nom
paça	paça+Noun+A3sg+Pnon+Nom
kudret	kudret+Noun+A3sg+Pnon+Nom
vade	vade+Noun+A3sg+Pnon+Nom
medikal	medikal+Adj
öz	öz+Noun+A3sg+Pnon+Nom
kampus	kampus+Noun+A3sg+Pnon+Nom
şahsen	şahsen+Adverb
aşçıbaşı	aşçıbaşı+Noun+A3sg+Pnon+Nom
depocu	depocu+Noun+A3sg+Pnon+Nom
insiyatif	insiyatif+Noun+A3sg+Pnon+Nom
değerlenirilip	değerlenirilip+Noun+A3sg+Pnon+Nom
geliştirliyor	geliştirliyor+Noun+A3sg+Pnon+Nom
koordinatör	koordinatör+Noun+A3sg+Pnon+Nom
istifade	istifade+Noun+A3sg+Pnon+Nom
lansman	lansman+Noun+A3sg+Pnon+Nom
gelit	gelit+Noun+A3sg+Pnon+Nom
sinpaş	sinpaş+Noun+A3sg+Pnon+Nom
metreare	metreare+Noun+A3sg+Pnon+Nom
tecavüzcü	tecavüzcü+Noun+A3sg+Pnon+Nom
tecavüz	tecavüz+Noun+A3sg+Pnon+Nom
alyans	alyans+Noun+A3sg+Pnon+Nom
gğöstererek	gğöstererek+Noun+A3sg+Pnon+Nom
tv	tv+Noun+A3sg+Pnon+Nom
inşaatçı	inşaatçı+Noun+A3sg+Pnon+Nom
duble	duble+Noun+A3sg+Pnon+Nom
maliyet	maliyet+Noun+A3sg+Pnon+Nom
arz	arz+Noun+A3sg+Pnon+Nom
bitüm	bitüm+Noun+A3sg+Pnon+Nom
mücbir	mücbir+Adj
miyar	miyar+Noun+A3sg+Pnon+Nom
şantiye	şantiye+Noun+A3sg+Pnon+Nom
masterı	masterı+Noun+A3sg+Pnon+Nom
meşrubat	meşrubat+Noun+A3sg+Pnon+Nom
çip	çip+Noun+A3sg+Pnon+Nom
bloknot	bloknot+Noun+A3sg+Pnon+Nom
osnar	osnar+Noun+A3sg+Pnon+Nom
fesat	fesat+Noun+A3sg+Pnon+Nom
sim	sim+Noun+A3sg+Pnon+Nom
kupon	kupon+Noun+A3sg+Pnon+Nom
bono	bono+Noun+A3sg+Pnon+Nom
gizem	gizem+Noun+A3sg+Pnon+Nom
fiktif	fiktif+Adj
eurobond	eurobond+Noun+A3sg+Pnon+Nom
megapiksel	megapiksel+Noun+A3sg+Pnon+Nom
vizör	vizör+Noun+A3sg+Pnon+Nom
ortaklık	ortaklık+Noun+A3sg+Pnon+Nom
gereğince	gereğince+Adverb
mahkemes	mahkemes+Noun+A3sg+Pnon+Nom
satım	satım+Noun+A3sg+Pnon+Nom
nominal	nominal+Adj
beher	beher+Adj
uzatım	uzatım+Noun+A3sg+Pnon+Nom
ekipman	ekipman+Noun+A3sg+Pnon+Nom
itina	itina+Noun+A3sg+Pnon+Nom
topyekun	topyekun+Adj
men	men+Adj
aracılık	aracılık+Noun+A3sg+Pnon+Nom
meblağ	meblağ+Noun+A3sg+Pnon+Nom
çöpçatan	çöpçatan+Noun+A3sg+Pnon+Nom
yakalarak	yakalarak+Noun+A3sg+Pnon+Nom
puma	puma+Noun+A3sg+Pnon+Nom
ack	ack+Noun+A3sg+Pnon+Nom
bulm	bulm+Noun+A3sg+Pnon+Nom
yahudi	yahudi+Noun+A3sg+Pnon+Nom
tarımsal	tarımsal+Adj
hidroelektrik	hidroelektrik+Noun+A3sg+Pnon+Nom
sosyo	sosyo+Adj
rasat	rasat+Noun+A3sg+Pnon+Nom
topografik	topografik+Adj
bürokrasi	bürokrasi+Noun+A3sg+Pnon+Nom
etüd	etüd+Noun+A3sg+Pnon+Nom
havza	havza+Noun+A3sg+Pnon+Nom
spekülatif	spekülatif+Adj
tuzak	tuzak+Noun+A3sg+Pnon+Nom
fevri	fevri+Adj
sahiden	sahiden+Adverb
özgürlükçü	özgürlükçü+Adj
belirti	belirti+Noun+A3sg+Pnon+Nom
artırım	artırım+Noun+A3sg+Pnon+Nom
likidite	likidite+Noun+A3sg+Pnon+Nom
rest	rest+Noun+A3sg+Pnon+Nom
popülist	popülist+Adj
bayi	bayi+Noun+A3sg+Pnon+Nom
ithalatçı	ithalatçı+Noun+A3sg+Pnon+Nom
kompakt	kompakt+Noun+A3sg+Pnon+Nom
beklenti	beklenti+Noun+A3sg+Pnon+Nom
ardarda	ardarda+Adverb
ipotek	ipotek+Noun+A3sg+Pnon+Nom
çekidüzen	çekidüzen+Noun+A3sg+Pnon+Nom
idrak	idrak+Noun+A3sg+Pnon+Nom
fotokopi	fotokopi+Noun+A3sg+Pnon+Nom
mutabık	mutabık+Adj
bandrol	bandrol+Noun+A3sg+Pnon+Nom
vurgu	vurgu+Noun+A3sg+Pnon+Nom
inç	inç+Noun+A3sg+Pnon+Nom
manuel	manuel+Adj
vites	vites+Noun+A3sg+Pnon+Nom
heykeltraş	heykeltraş+Noun+A3sg+Pnon+Nom
heykeltıraş	heykeltıraş+Noun+A3sg+Pnon+Nom
epoksi	epoksi+Noun+A3sg+Pnon+Nom
polyester	polyester+Noun+A3sg+Pnon+Nom
çini	çini+Noun+A3sg+Pnon+Nom
onbaşı	onbaşı+Noun+A3sg+Pnon+Nom
sosyoloji	sosyoloji+Noun+A3sg+Pnon+Nom
meğerse	meğerse+Conj
yapımcı	yapımcı+Noun+A3sg+Pnon+Nom
tabut	tabut+Noun+A3sg+Pnon+Nom
enstrümantal	enstrümantal+Adj
çelenk	çelenk+Noun+A3sg+Pnon+Nom
menekşe	menekşe+Noun+A3sg+Pnon+Nom
yılmaz	yılmaz+Adj
telif	telif+Noun+A3sg+Pnon+Nom
bakteri	bakteri+Noun+A3sg+Pnon+Nom
mikrop	mikrop+Noun+A3sg+Pnon+Nom
pastörize	pastörize+Adj
kılçık	kılçık+Noun+A3sg+Pnon+Nom
rulo	rulo+Noun+A3sg+Pnon+Nom
turp	turp+Noun+A3sg+Pnon+Nom
fincan	fincan+Noun+A3sg+Pnon+Nom
sızma	sızma+Adj
spirulina	spirulina+Noun+A3sg+Pnon+Nom
yosun	yosun+Noun+A3sg+Pnon+Nom
sakız	sakız+Noun+A3sg+Pnon+Nom
cips	cips+Noun+A3sg+Pnon+Nom
krema	krema+Noun+A3sg+Pnon+Nom
karoten	karoten+Noun+A3sg+Pnon+Nom
gram	gram+Noun+A3sg+Pnon+Nom
sentetik	sentetik+Adj
toksik	toksik+Adj
gastrit	gastrit+Noun+A3sg+Pnon+Nom
ülser	ülser+Noun+A3sg+Pnon+Nom
radyasyon	radyasyon+Noun+A3sg+Pnon+Nom
keratin	keratin+Noun+A3sg+Pnon+Nom
ekstrakte	ekstrakte+Noun+A3sg+Pnon+Nom
ksantofil	ksantofil+Noun+A3sg+Pnon+Nom
linoleik	linoleik+Noun+A3sg+Pnon+Nom
nitrat	nitrat+Noun+A3sg+Pnon+Nom
fosfat	fosfat+Noun+A3sg+Pnon+Nom
algler	algler+Noun+A3sg+Pnon+Nom
hoşaf	hoşaf+Noun+A3sg+Pnon+Nom
sarıkanat	sarıkanat+Noun+A3sg+Pnon+Nom
lüfer	lüfer+Noun+A3sg+Pnon+Nom
çinekop	çinekop+Noun+A3sg+Pnon+Nom
maydanoz	maydanoz+Noun+A3sg+Pnon+Nom
pastırma	pastırma+Noun+A3sg+Pnon+Nom
karışım	karışım+Noun+A3sg+Pnon+Nom
çemen	çemen+Noun+A3sg+Pnon+Nom
ikbal	ikbal+Noun+A3sg+Pnon+Nom
muhallebi	muhallebi+Noun+A3sg+Pnon+Nom
yulaf	yulaf+Noun+A3sg+Pnon+Nom
vanilya	vanilya+Noun+A3sg+Pnon+Nom
karadut	karadut+Noun+A3sg+Pnon+Nom
frambuaz	frambuaz+Noun+A3sg+Pnon+Nom
çırpıcı	çırpıcı+Noun+A3sg+Pnon+Nom
kase	kase+Noun+A3sg+Pnon+Nom
hindistancevizi	hindistancevizi+Noun+A3sg+P3sg+Nom
tozşeker	tozşeker+Noun+A3sg+Pnon+Nom
böğürtlen	böğürtlen+Noun+A3sg+Pnon+Nom
mojito	mojito+Noun+A3sg+Pnon+Nom
fizz	fizz+Noun+A3sg+Pnon+Nom
soda	soda+Noun+A3sg+Pnon+Nom
sek	sek+Verb+Pos+Imp+A2sg
bloody	bloody+Noun+A3sg+Pnon+Nom
barmen	barmen+Noun+A3sg+Pnon+Nom
margarita	margarita+Noun+A3sg+Pnon+Nom
ananas	ananas+Noun+A3sg+Pnon+Nom
tekila	tekila+Noun+A3sg+Pnon+Nom
lounge	lounge+Noun+A3sg+Pnon+Nom
şurup	şurup+Noun+A3sg+Pnon+Nom
kavun	kavun+Noun+A3sg+Pnon+Nom
kivi	kivi+Noun+A3sg+Pnon+Nom
feribot	feribot+Noun+A3sg+Pnon+Nom
oklava	oklava+Noun+A3sg+Pnon+Nom
nakliye	nakliye+Noun+A3sg+Pnon+Nom
maya	maya+Noun+A3sg+Pnon+Nom
avakado	avakado+Noun+A3sg+Pnon+Nom
sorum	sorum+Noun+A3sg+Pnon+Nom
gliserin	gliserin+Noun+A3sg+Pnon+Nom
fonksiyonel	fonksiyonel+Adj
hijyenik	hijyenik+Adj
iyot	iyot+Noun+A3sg+Pnon+Nom
hipertansiyon	hipertansiyon+Noun+A3sg+Pnon+Nom
osteoporoz	osteoporoz+Noun+A3sg+Pnon+Nom
mikrobik	mikrobik+Adj
kümes	kümes+Noun+A3sg+Pnon+Nom
macun	macun+Noun+A3sg+Pnon+Nom
pinpon	pinpon+Noun+A3sg+Pnon+Nom
yonca	yonca+Noun+A3sg+Pnon+Nom
çavdar	çavdar+Noun+A3sg+Pnon+Nom
hamur	hamur+Noun+A3sg+Pnon+Nom
buhar	buhar+Noun+A3sg+Pnon+Nom
